,accuracy,precision,recall,f1,roc_auc
RandomForest,0.857,0.7740384615384616,0.4025,0.5296052631578947,0.8084601562499999
DecisionTree,0.82975,0.7262357414448669,0.23875,0.35936030103480715,0.717450390625
LogisticRegression,0.83275,0.8133971291866029,0.2125,0.33696729435084244,0.7464839843750001
